Белорусская АЭС,Чехи,Маркуны,Ольховка,Свирь,Подольцы,Гоза,Ворона,Вороняны,Чернишки,Рымдюры,date,time
0.0,0.05,0.05,0.07,0.05,0.05,0.05,0.06,0.06,0.05,0.05,19-12-2022,15:00:01
0.07,0.05,0.05,0.07,0.05,0.05,0.05,0.06,0.06,0.05,0.05,19-12-2022,15:30:01
0.06,0.05,0.05,0.07,0.05,0.05,0.05,0.06,0.06,0.05,0.05,19-12-2022,16:00:01
0.07,0.05,0.05,0.07,0.05,0.05,0.05,0.06,0.06,0.05,0.05,19-12-2022,16:30:02
0.07,0.05,0.05,0.07,0.05,0.05,0.05,0.06,0.06,0.05,0.05,19-12-2022,17:00:01
0.07,0.05,0.05,0.07,0.05,0.05,0.05,0.06,0.06,0.05,0.05,19-12-2022,17:30:01
0.07,0.05,0.05,0.07,0.05,0.05,0.05,0.06,0.06,0.05,0.05,19-12-2022,18:00:01
0.07,0.05,0.05,0.07,0.05,0.05,0.05,0.06,0.06,0.05,0.05,19-12-2022,18:30:02
0.07,0.05,0.05,0.07,0.05,0.05,0.05,0.06,0.06,0.05,0.05,19-12-2022,19:00:01
0.07,0.05,0.05,0.07,0.05,0.05,0.05,0.06,0.06,0.05,0.05,19-12-2022,19:30:02
0.06,0.05,0.05,0.07,0.05,0.05,0.05,0.06,0.06,0.05,0.05,19-12-2022,20:00:02
0.07,0.05,0.0,0.07,0.05,0.05,0.05,0.06,0.06,0.05,0.05,19-12-2022,20:30:01
0.09,0.05,0.05,0.07,0.05,0.05,0.05,0.06,0.06,0.05,0.05,19-12-2022,21:00:02
0.06,0.05,0.05,0.07,0.05,0.05,0.05,0.06,0.06,0.05,0.05,19-12-2022,21:30:01
0.07,0.05,0.05,0.07,0.05,0.05,0.05,0.06,0.06,0.05,0.05,19-12-2022,22:00:01
0.06,0.05,0.05,0.07,0.05,0.05,0.05,0.06,0.06,0.05,0.05,19-12-2022,22:30:01
0.06,0.05,0.05,0.07,0.05,0.05,0.05,0.06,0.06,0.05,0.05,19-12-2022,23:00:01
0.06,0.05,0.05,0.07,0.05,0.05,0.05,0.06,0.06,0.05,0.05,19-12-2022,23:30:01
0.08,0.05,0.05,0.07,0.05,0.05,0.05,0.05,0.06,0.05,0.05,20-12-2022,00:00:01
0.07,0.05,0.05,0.07,0.05,0.05,0.05,0.05,0.06,0.05,0.05,20-12-2022,00:30:01
0.07,0.05,0.05,0.07,0.05,0.05,0.05,0.05,0.06,0.05,0.05,20-12-2022,01:00:02
0.08,0.05,0.05,0.07,0.05,0.05,0.05,0.05,0.06,0.05,0.05,20-12-2022,01:30:01
0.07,0.05,0.05,0.07,0.05,0.05,0.05,0.05,0.06,0.05,0.05,20-12-2022,02:00:01
0.08,0.05,0.05,0.07,0.05,0.05,0.05,0.05,0.06,0.05,0.05,20-12-2022,02:30:01
0.06,0.05,0.05,0.07,0.05,0.05,0.05,0.05,0.06,0.05,0.05,20-12-2022,04:30:01
0.06,0.05,0.05,0.07,0.05,0.05,0.05,0.05,0.06,0.05,0.05,20-12-2022,04:30:01
0.08,0.05,0.05,0.07,0.05,0.05,0.05,0.05,0.06,0.05,0.05,20-12-2022,05:30:01
0.08,0.05,0.05,0.07,0.05,0.05,0.05,0.05,0.06,0.05,0.05,20-12-2022,05:30:01
0.07,0.05,0.05,0.07,0.05,0.05,0.05,0.05,0.06,0.05,0.05,20-12-2022,06:00:02
0.08,0.05,0.05,0.07,0.05,0.05,0.05,0.05,0.06,0.05,0.05,20-12-2022,06:30:01
0.07,0.05,0.05,0.07,0.05,0.05,0.05,0.05,0.06,0.05,0.05,20-12-2022,07:00:02
0.06,0.05,0.05,0.07,0.05,0.05,0.05,0.05,0.06,0.05,0.05,20-12-2022,07:30:01
0.07,0.05,0.05,0.07,0.05,0.05,0.05,0.05,0.06,0.05,0.05,20-12-2022,08:00:01
0.06,0.05,0.05,0.07,0.05,0.05,0.05,0.06,0.06,0.05,0.06,20-12-2022,08:30:01
0.06,0.06,0.05,0.07,0.05,0.06,0.05,0.06,0.07,0.06,0.06,20-12-2022,09:00:02
0.08,0.06,0.05,0.07,0.05,0.07,0.05,0.06,0.07,0.06,0.06,20-12-2022,09:30:01
0.07,0.07,0.06,0.07,0.05,0.07,0.06,0.06,0.07,0.06,0.06,20-12-2022,10:00:02
0.06,0.07,0.06,0.08,0.05,0.07,0.06,0.06,0.07,0.06,0.06,20-12-2022,10:30:01
0.07,0.07,0.06,0.08,0.06,0.07,0.06,0.06,0.07,0.06,0.06,20-12-2022,11:00:02
0.08,0.07,0.06,0.08,0.06,0.07,0.06,0.06,0.07,0.06,0.06,20-12-2022,11:30:02
0.08,0.07,0.06,0.08,0.06,0.07,0.06,0.06,0.07,0.06,0.06,20-12-2022,12:00:02
0.07,0.07,0.06,0.08,0.07,0.07,0.06,0.06,0.07,0.06,0.06,20-12-2022,12:30:02
0.08,0.07,0.06,0.08,0.07,0.07,0.06,0.06,0.07,0.06,0.06,20-12-2022,13:00:01
0.08,0.07,0.06,0.08,0.07,0.07,0.06,0.06,0.07,0.06,0.06,20-12-2022,13:30:02
0.08,0.07,0.06,0.08,0.06,0.07,0.06,0.06,0.07,0.06,0.06,20-12-2022,14:00:02
0.07,0.06,0.06,0.07,0.06,0.07,0.06,0.06,0.07,0.06,0.06,20-12-2022,14:30:01
0.07,0.06,0.06,0.07,0.06,0.07,0.06,0.06,0.07,0.06,0.06,20-12-2022,15:30:02
0.07,0.06,0.06,0.07,0.06,0.07,0.06,0.06,0.07,0.06,0.06,20-12-2022,15:30:02
0.06,0.06,0.06,0.07,0.06,0.07,0.06,0.06,0.07,0.06,0.06,20-12-2022,16:00:01
0.07,0.06,0.06,0.07,0.06,0.07,0.06,0.06,0.07,0.06,0.06,20-12-2022,16:30:01
0.07,0.06,0.06,0.07,0.06,0.07,0.05,0.06,0.07,0.06,0.06,20-12-2022,17:00:01
0.06,0.06,0.06,0.07,0.06,0.07,0.05,0.06,0.07,0.06,0.06,20-12-2022,17:30:02
0.05,0.06,0.06,0.07,0.06,0.07,0.05,0.06,0.06,0.06,0.05,20-12-2022,18:00:02
0.07,0.06,0.06,0.07,0.06,0.07,0.05,0.06,0.06,0.06,0.05,20-12-2022,18:30:02
0.07,0.06,0.06,0.07,0.06,0.06,0.05,0.06,0.06,0.06,0.05,20-12-2022,19:00:01
0.07,0.06,0.05,0.07,0.06,0.06,0.05,0.06,0.06,0.06,0.05,20-12-2022,19:30:01
0.06,0.06,0.05,0.07,0.06,0.06,0.05,0.06,0.06,0.06,0.05,20-12-2022,20:00:01
0.06,0.06,0.05,0.07,0.06,0.06,0.05,0.06,0.06,0.06,0.05,20-12-2022,20:30:01
0.07,0.06,0.05,0.07,0.06,0.06,0.05,0.06,0.06,0.06,0.05,20-12-2022,21:00:02
0.07,0.06,0.05,0.07,0.06,0.06,0.05,0.06,0.06,0.06,0.05,20-12-2022,21:30:01
0.07,0.06,0.05,0.07,0.06,0.06,0.05,0.06,0.06,0.06,0.05,20-12-2022,22:00:01
0.08,0.06,0.05,0.07,0.06,0.06,0.05,0.06,0.06,0.06,0.05,20-12-2022,22:30:02
0.07,0.06,0.05,0.07,0.06,0.06,0.05,0.06,0.06,0.06,0.05,20-12-2022,23:00:01
0.07,0.06,0.05,0.07,0.06,0.07,0.05,0.06,0.06,0.06,0.05,20-12-2022,23:30:01
0.07,0.06,0.05,0.07,0.06,0.07,0.05,0.06,0.06,0.06,0.05,21-12-2022,00:00:01
0.06,0.06,0.05,0.07,0.06,0.06,0.05,0.06,0.06,0.06,0.05,21-12-2022,00:30:01
0.07,0.06,0.05,0.07,0.06,0.06,0.05,0.06,0.06,0.06,0.06,21-12-2022,01:00:01
0.09,0.06,0.05,0.07,0.06,0.06,0.05,0.06,0.06,0.06,0.06,21-12-2022,01:30:02
0.06,0.06,0.05,0.07,0.06,0.06,0.05,0.06,0.06,0.06,0.06,21-12-2022,02:00:02
0.06,0.06,0.05,0.07,0.06,0.06,0.05,0.06,0.06,0.06,0.06,21-12-2022,02:30:02
0.07,0.06,0.05,0.07,0.06,0.06,0.05,0.06,0.06,0.06,0.06,21-12-2022,04:30:02
0.07,0.06,0.05,0.07,0.06,0.06,0.05,0.06,0.06,0.06,0.06,21-12-2022,04:30:02
0.07,0.06,0.05,0.07,0.06,0.06,0.05,0.06,0.06,0.06,0.06,21-12-2022,05:30:02
0.07,0.06,0.05,0.07,0.06,0.06,0.05,0.06,0.06,0.06,0.06,21-12-2022,05:30:02
0.07,0.06,0.05,0.07,0.06,0.06,0.05,0.06,0.06,0.06,0.06,21-12-2022,06:00:02
0.07,0.06,0.05,0.07,0.06,0.06,0.05,0.06,0.06,0.06,0.06,21-12-2022,06:30:01
0.07,0.06,0.05,0.07,0.06,0.06,0.05,0.06,0.06,0.06,0.06,21-12-2022,07:00:02
0.08,0.06,0.05,0.06,0.06,0.06,0.05,0.06,0.06,0.06,0.06,21-12-2022,07:30:01
0.07,0.06,0.05,0.07,0.06,0.06,0.05,0.06,0.06,0.06,0.06,21-12-2022,08:00:01
0.07,0.06,0.05,0.07,0.06,0.06,0.05,0.06,0.06,0.06,0.06,21-12-2022,08:30:02
0.07,0.06,0.05,0.07,0.06,0.06,0.05,0.06,0.06,0.06,0.05,21-12-2022,09:00:02
0.06,0.06,0.05,0.07,0.06,0.06,0.05,0.06,0.06,0.06,0.05,21-12-2022,09:30:01
0.06,0.06,0.05,0.07,0.06,0.06,0.05,0.06,0.06,0.06,0.05,21-12-2022,10:00:01
0.06,0.06,0.05,0.07,0.06,0.06,0.05,0.06,0.06,0.06,0.05,21-12-2022,10:30:01
0.06,0.06,0.05,0.07,0.06,0.06,0.05,0.06,0.06,0.06,0.05,21-12-2022,11:00:01
0.07,0.06,0.05,0.07,0.06,0.06,0.05,0.06,0.06,0.06,0.05,21-12-2022,11:30:02
0.06,0.06,0.05,0.07,0.06,0.06,0.05,0.06,0.06,0.06,0.05,21-12-2022,12:00:01
0.07,0.06,0.05,0.07,0.06,0.06,0.05,0.06,0.06,0.06,0.05,21-12-2022,12:30:01
0.06,0.06,0.05,0.07,0.06,0.06,0.05,0.06,0.06,0.06,0.05,21-12-2022,13:00:01
0.07,0.06,0.05,0.07,0.06,0.06,0.05,0.06,0.06,0.06,0.05,21-12-2022,13:30:02
0.06,0.06,0.05,0.07,0.06,0.06,0.05,0.06,0.06,0.06,0.06,21-12-2022,14:00:02
0.07,0.06,0.05,0.07,0.06,0.06,0.05,0.06,0.06,0.06,0.06,21-12-2022,14:30:01
0.07,0.06,0.05,0.07,0.06,0.06,0.05,0.06,0.06,0.06,0.06,21-12-2022,15:30:01
0.07,0.06,0.05,0.07,0.06,0.06,0.05,0.06,0.06,0.06,0.06,21-12-2022,15:30:01
0.07,0.06,0.05,0.07,0.06,0.06,0.05,0.06,0.06,0.06,0.06,21-12-2022,16:00:01
0.08,0.06,0.05,0.07,0.06,0.06,0.05,0.06,0.06,0.06,0.06,21-12-2022,16:30:01
0.07,0.06,0.05,0.07,0.06,0.06,0.05,0.06,0.06,0.06,0.06,21-12-2022,17:00:01
0.09,0.06,0.05,0.07,0.06,0.06,0.05,0.06,0.06,0.06,0.06,21-12-2022,17:30:01
0.07,0.06,0.05,0.07,0.06,0.06,0.06,0.06,0.06,0.06,0.06,21-12-2022,18:00:01
0.07,0.06,0.05,0.07,0.06,0.06,0.06,0.06,0.07,0.06,0.06,21-12-2022,18:30:01
0.08,0.06,0.05,0.07,0.06,0.06,0.06,0.06,0.07,0.06,0.06,21-12-2022,19:00:01
0.06,0.06,0.05,0.07,0.06,0.06,0.06,0.06,0.07,0.06,0.06,21-12-2022,19:30:01
0.06,0.06,0.05,0.07,0.06,0.05,0.06,0.06,0.07,0.06,0.06,21-12-2022,20:00:01
0.08,0.06,0.05,0.07,0.06,0.05,0.06,0.06,0.07,0.06,0.06,21-12-2022,20:30:01
0.07,0.06,0.05,0.07,0.06,0.06,0.06,0.06,0.07,0.06,0.06,21-12-2022,21:00:02
0.07,0.06,0.05,0.07,0.06,0.06,0.06,0.06,0.07,0.06,0.06,21-12-2022,21:30:01
0.06,0.06,0.05,0.07,0.06,0.06,0.06,0.06,0.07,0.06,0.06,21-12-2022,22:00:01
0.07,0.06,0.05,0.07,0.06,0.06,0.06,0.06,0.07,0.06,0.06,21-12-2022,22:30:01
0.07,0.06,0.05,0.07,0.06,0.06,0.06,0.06,0.06,0.06,0.06,21-12-2022,23:00:01
0.06,0.06,0.05,0.07,0.06,0.06,0.06,0.06,0.06,0.06,0.06,21-12-2022,23:30:01
0.06,0.06,0.05,0.07,0.06,0.06,0.06,0.06,0.06,0.06,0.06,22-12-2022,00:00:01
0.07,0.06,0.05,0.07,0.06,0.06,0.06,0.06,0.06,0.06,0.06,22-12-2022,00:30:02
0.07,0.06,0.05,0.07,0.06,0.06,0.06,0.06,0.06,0.06,0.06,22-12-2022,01:00:01
0.07,0.06,0.05,0.07,0.06,0.06,0.06,0.06,0.06,0.06,0.06,22-12-2022,01:30:01
0.07,0.06,0.05,0.07,0.06,0.06,0.06,0.06,0.06,0.06,0.06,22-12-2022,02:00:01
0.07,0.06,0.05,0.07,0.06,0.06,0.06,0.06,0.06,0.06,0.06,22-12-2022,02:30:02
0.07,0.06,0.05,0.07,0.06,0.06,0.06,0.06,0.06,0.06,0.06,22-12-2022,04:30:01
0.07,0.06,0.05,0.07,0.06,0.06,0.06,0.06,0.06,0.06,0.06,22-12-2022,04:30:01
0.08,0.06,0.05,0.07,0.06,0.06,0.06,0.06,0.06,0.06,0.06,22-12-2022,05:30:01
0.08,0.06,0.05,0.07,0.06,0.06,0.06,0.06,0.06,0.06,0.06,22-12-2022,05:30:01
0.08,0.06,0.05,0.07,0.06,0.06,0.06,0.06,0.06,0.06,0.06,22-12-2022,06:00:01
0.07,0.06,0.05,0.07,0.06,0.06,0.06,0.06,0.06,0.06,0.06,22-12-2022,06:30:02
0.07,0.06,0.05,0.07,0.06,0.06,0.06,0.06,0.06,0.06,0.06,22-12-2022,07:00:02
0.06,0.06,0.05,0.07,0.06,0.06,0.06,0.06,0.06,0.06,0.06,22-12-2022,07:30:02
0.07,0.06,0.05,0.07,0.06,0.06,0.06,0.06,0.06,0.06,0.06,22-12-2022,08:00:01
0.07,0.06,0.05,0.07,0.06,0.06,0.06,0.06,0.06,0.06,0.06,22-12-2022,08:30:01
0.07,0.06,0.05,0.07,0.06,0.06,0.06,0.06,0.06,0.06,0.06,22-12-2022,09:00:01
0.06,0.06,0.05,0.07,0.06,0.06,0.06,0.06,0.06,0.06,0.06,22-12-2022,09:30:01
0.07,0.06,0.05,0.07,0.06,0.06,0.06,0.06,0.06,0.06,0.06,22-12-2022,10:00:02
0.07,0.06,0.05,0.07,0.06,0.06,0.06,0.06,0.06,0.06,0.06,22-12-2022,10:30:01
0.07,0.06,0.05,0.07,0.06,0.06,0.06,0.06,0.06,0.06,0.06,22-12-2022,11:00:01
0.07,0.06,0.05,0.07,0.06,0.06,0.06,0.06,0.06,0.06,0.06,22-12-2022,11:30:01
0.07,0.06,0.05,0.07,0.06,0.06,0.06,0.06,0.06,0.06,0.06,22-12-2022,12:00:02
0.06,0.06,0.05,0.07,0.06,0.06,0.06,0.06,0.06,0.06,0.06,22-12-2022,12:30:01
0.07,0.06,0.05,0.07,0.06,0.06,0.06,0.06,0.06,0.06,0.06,22-12-2022,13:00:01
0.08,0.06,0.06,0.08,0.07,0.06,0.06,0.06,0.07,0.06,0.06,22-12-2022,13:30:01
0.08,0.06,0.06,0.08,0.07,0.06,0.06,0.06,0.07,0.06,0.06,22-12-2022,14:00:02
0.08,0.06,0.05,0.08,0.07,0.06,0.06,0.06,0.07,0.06,0.06,22-12-2022,14:30:01
0.07,0.06,0.05,0.08,0.06,0.06,0.06,0.06,0.07,0.06,0.06,22-12-2022,15:30:01
0.07,0.06,0.05,0.08,0.06,0.06,0.06,0.06,0.07,0.06,0.06,22-12-2022,15:30:01
0.07,0.06,0.05,0.08,0.06,0.06,0.06,0.06,0.07,0.06,0.06,22-12-2022,16:00:02
0.07,0.06,0.05,0.08,0.06,0.06,0.06,0.06,0.07,0.06,0.06,22-12-2022,16:30:01
0.07,0.06,0.05,0.08,0.06,0.06,0.06,0.06,0.07,0.06,0.06,22-12-2022,17:00:01
0.08,0.06,0.05,0.08,0.06,0.06,0.06,0.06,0.07,0.06,0.06,22-12-2022,17:30:02
0.06,0.06,0.05,0.08,0.06,0.06,0.06,0.06,0.07,0.06,0.06,22-12-2022,18:00:02
0.08,0.06,0.05,0.08,0.06,0.06,0.06,0.06,0.07,0.06,0.06,22-12-2022,18:30:02
0.08,0.06,0.05,0.08,0.06,0.06,0.06,0.06,0.07,0.06,0.06,22-12-2022,19:00:01
0.07,0.06,0.05,0.08,0.06,0.06,0.06,0.06,0.07,0.06,0.06,22-12-2022,19:30:01
0.08,0.06,0.05,0.08,0.06,0.06,0.06,0.06,0.07,0.06,0.06,22-12-2022,20:00:01
0.08,0.06,0.05,0.08,0.06,0.06,0.06,0.06,0.07,0.06,0.06,22-12-2022,20:30:01
0.07,0.06,0.05,0.08,0.06,0.06,0.06,0.06,0.07,0.06,0.06,22-12-2022,21:00:01
0.07,0.06,0.05,0.08,0.06,0.06,0.06,0.06,0.06,0.06,0.06,22-12-2022,21:30:01
0.08,0.06,0.05,0.08,0.06,0.06,0.06,0.06,0.06,0.06,0.06,22-12-2022,22:00:02
0.06,0.06,0.05,0.08,0.06,0.06,0.06,0.06,0.06,0.06,0.06,22-12-2022,22:30:01
0.06,0.06,0.05,0.08,0.06,0.06,0.06,0.06,0.06,0.06,0.06,22-12-2022,23:00:02
0.07,0.06,0.05,0.07,0.06,0.06,0.06,0.06,0.06,0.06,0.06,22-12-2022,23:30:01
0.07,0.06,0.05,0.07,0.06,0.06,0.06,0.06,0.06,0.06,0.06,23-12-2022,00:30:01
0.08,0.06,0.05,0.07,0.06,0.07,0.06,0.06,0.07,0.06,0.06,23-12-2022,01:00:01
0.08,0.06,0.05,0.07,0.06,0.07,0.06,0.06,0.07,0.06,0.06,23-12-2022,01:30:01
0.09,0.06,0.06,0.07,0.06,0.07,0.06,0.06,0.07,0.06,0.06,23-12-2022,02:00:01
0.09,0.07,0.06,0.07,0.07,0.07,0.06,0.06,0.07,0.06,0.06,23-12-2022,02:30:02
0.07,0.06,0.06,0.07,0.07,0.06,0.05,0.06,0.07,0.06,0.06,23-12-2022,04:30:02
0.07,0.06,0.06,0.07,0.07,0.06,0.05,0.06,0.07,0.06,0.06,23-12-2022,04:30:02
0.07,0.06,0.06,0.08,0.07,0.07,0.06,0.06,0.07,0.06,0.06,23-12-2022,05:30:02
0.06,0.06,0.06,0.08,0.06,0.07,0.06,0.06,0.07,0.06,0.06,23-12-2022,06:00:01
0.06,0.06,0.06,0.07,0.06,0.07,0.06,0.06,0.06,0.06,0.06,23-12-2022,06:30:01
0.06,0.06,0.06,0.07,0.06,0.07,0.06,0.06,0.07,0.06,0.06,23-12-2022,07:00:01
0.08,0.06,0.06,0.08,0.07,0.07,0.06,0.06,0.07,0.06,0.06,23-12-2022,07:30:01
0.07,0.07,0.06,0.09,0.07,0.08,0.07,0.06,0.07,0.06,0.06,23-12-2022,08:00:01
0.08,0.07,0.06,0.09,0.07,0.08,0.07,0.06,0.07,0.06,0.06,23-12-2022,08:30:01
0.09,0.07,0.07,0.09,0.07,0.08,0.07,0.06,0.07,0.07,0.07,23-12-2022,09:00:02
0.09,0.07,0.07,0.08,0.07,0.07,0.07,0.06,0.07,0.07,0.07,23-12-2022,09:30:01
0.09,0.07,0.07,0.08,0.07,0.07,0.07,0.06,0.07,0.06,0.07,23-12-2022,10:00:01
0.07,0.06,0.06,0.08,0.07,0.07,0.06,0.06,0.07,0.06,0.06,23-12-2022,10:30:01
0.07,0.06,0.06,0.08,0.06,0.07,0.06,0.06,0.07,0.06,0.06,23-12-2022,11:00:02
0.07,0.06,0.06,0.08,0.06,0.07,0.06,0.06,0.07,0.06,0.06,23-12-2022,11:30:01
0.07,0.06,0.06,0.07,0.06,0.07,0.06,0.06,0.07,0.06,0.06,23-12-2022,12:00:01
0.07,0.06,0.05,0.07,0.06,0.07,0.06,0.06,0.07,0.06,0.06,23-12-2022,12:30:01
0.07,0.06,0.05,0.07,0.06,0.06,0.05,0.06,0.07,0.06,0.06,23-12-2022,13:00:01
0.07,0.06,0.05,0.07,0.05,0.06,0.05,0.06,0.07,0.06,0.06,23-12-2022,13:30:01
0.06,0.06,0.05,0.07,0.05,0.06,0.05,0.06,0.07,0.06,0.06,23-12-2022,14:00:02
0.07,0.06,0.05,0.07,0.05,0.06,0.05,0.06,0.07,0.06,0.06,23-12-2022,14:30:01
0.07,0.06,0.05,0.07,0.05,0.06,0.05,0.06,0.07,0.06,0.06,23-12-2022,15:30:01
0.07,0.06,0.05,0.07,0.05,0.06,0.05,0.06,0.07,0.06,0.06,23-12-2022,15:30:01
0.08,0.06,0.05,0.07,0.05,0.06,0.05,0.06,0.06,0.06,0.06,23-12-2022,16:00:02
0.08,0.06,0.05,0.07,0.05,0.06,0.05,0.06,0.06,0.06,0.06,23-12-2022,16:30:02
0.07,0.06,0.05,0.07,0.05,0.06,0.05,0.06,0.06,0.06,0.06,23-12-2022,17:00:01
0.08,0.06,0.05,0.07,0.05,0.06,0.05,0.06,0.06,0.06,0.05,23-12-2022,17:30:01
0.07,0.06,0.05,0.07,0.05,0.06,0.05,0.06,0.06,0.06,0.05,23-12-2022,18:00:02
0.08,0.06,0.05,0.07,0.05,0.06,0.05,0.06,0.06,0.06,0.05,23-12-2022,18:30:01
0.08,0.06,0.05,0.07,0.05,0.06,0.05,0.06,0.06,0.06,0.05,23-12-2022,19:00:02
0.06,0.06,0.05,0.07,0.05,0.06,0.05,0.06,0.06,0.06,0.05,23-12-2022,19:30:02
0.07,0.06,0.05,0.07,0.05,0.06,0.05,0.06,0.06,0.06,0.05,23-12-2022,20:00:02
0.08,0.06,0.05,0.07,0.05,0.06,0.05,0.06,0.06,0.06,0.05,23-12-2022,20:30:01
0.07,0.06,0.05,0.07,0.05,0.06,0.05,0.06,0.06,0.06,0.05,23-12-2022,21:00:01
0.07,0.06,0.05,0.07,0.05,0.06,0.05,0.06,0.06,0.06,0.05,23-12-2022,21:30:02
0.07,0.06,0.05,0.07,0.06,0.06,0.05,0.06,0.06,0.06,0.05,23-12-2022,22:00:01
0.07,0.06,0.05,0.07,0.06,0.06,0.05,0.06,0.06,0.06,0.05,23-12-2022,22:30:01
0.07,0.06,0.05,0.07,0.06,0.06,0.05,0.06,0.06,0.06,0.05,23-12-2022,23:00:01
0.06,0.06,0.05,0.07,0.06,0.06,0.05,0.06,0.06,0.06,0.05,23-12-2022,23:30:02
0.07,0.06,0.05,0.07,0.06,0.06,0.05,0.06,0.06,0.06,0.05,24-12-2022,00:00:01
0.07,0.06,0.05,0.07,0.06,0.06,0.05,0.06,0.06,0.06,0.05,24-12-2022,00:30:01
0.07,0.06,0.05,0.07,0.06,0.06,0.05,0.06,0.06,0.06,0.05,24-12-2022,01:00:01
0.08,0.06,0.05,0.07,0.06,0.06,0.05,0.06,0.06,0.06,0.05,24-12-2022,01:30:01
0.07,0.06,0.05,0.07,0.06,0.06,0.05,0.06,0.06,0.06,0.05,24-12-2022,02:00:01
0.07,0.06,0.05,0.07,0.06,0.06,0.05,0.06,0.06,0.06,0.05,24-12-2022,02:30:01
0.07,0.06,0.05,0.07,0.06,0.06,0.05,0.06,0.06,0.06,0.05,24-12-2022,04:00:01
0.07,0.06,0.05,0.07,0.06,0.06,0.05,0.06,0.06,0.06,0.05,24-12-2022,04:30:01
0.08,0.06,0.05,0.07,0.06,0.06,0.05,0.06,0.06,0.06,0.05,24-12-2022,05:30:01
0.08,0.06,0.05,0.07,0.06,0.06,0.05,0.06,0.06,0.06,0.05,24-12-2022,05:30:01
0.07,0.06,0.05,0.07,0.06,0.06,0.05,0.06,0.06,0.06,0.05,24-12-2022,06:00:02
0.08,0.06,0.05,0.07,0.06,0.06,0.05,0.06,0.06,0.06,0.05,24-12-2022,06:30:01
0.06,0.06,0.05,0.07,0.06,0.06,0.05,0.06,0.06,0.06,0.05,24-12-2022,07:00:02
0.06,0.06,0.05,0.07,0.06,0.06,0.05,0.06,0.06,0.06,0.05,24-12-2022,07:30:01
0.07,0.06,0.05,0.07,0.06,0.06,0.05,0.06,0.06,0.06,0.05,24-12-2022,08:00:01
0.07,0.06,0.05,0.07,0.06,0.05,0.05,0.06,0.06,0.06,0.05,24-12-2022,08:30:01
0.06,0.06,0.05,0.07,0.06,0.05,0.05,0.06,0.06,0.06,0.05,24-12-2022,09:00:02
0.07,0.06,0.05,0.07,0.06,0.05,0.05,0.06,0.06,0.06,0.05,24-12-2022,09:30:01
0.07,0.06,0.05,0.07,0.06,0.06,0.05,0.06,0.06,0.06,0.05,24-12-2022,10:00:01
0.08,0.06,0.05,0.07,0.06,0.06,0.05,0.06,0.06,0.06,0.05,24-12-2022,10:30:01
0.06,0.06,0.05,0.07,0.06,0.06,0.05,0.06,0.06,0.06,0.05,24-12-2022,11:00:01
0.07,0.06,0.05,0.07,0.06,0.06,0.05,0.06,0.06,0.06,0.05,24-12-2022,11:30:01
0.07,0.06,0.05,0.07,0.06,0.06,0.05,0.06,0.06,0.06,0.05,24-12-2022,12:00:01
0.07,0.06,0.05,0.07,0.06,0.06,0.05,0.06,0.06,0.06,0.05,24-12-2022,12:30:02
0.07,0.06,0.05,0.07,0.06,0.06,0.05,0.06,0.06,0.06,0.05,24-12-2022,13:00:01
0.07,0.06,0.05,0.07,0.06,0.06,0.05,0.06,0.06,0.06,0.05,24-12-2022,13:30:01
0.06,0.06,0.05,0.07,0.06,0.06,0.05,0.06,0.06,0.06,0.05,24-12-2022,14:00:01
0.07,0.06,0.05,0.07,0.06,0.06,0.05,0.06,0.06,0.06,0.05,24-12-2022,14:30:02
0.07,0.06,0.05,0.07,0.06,0.06,0.05,0.06,0.07,0.06,0.05,24-12-2022,15:30:01
0.07,0.06,0.05,0.07,0.06,0.06,0.05,0.06,0.07,0.06,0.05,24-12-2022,15:30:01
0.07,0.06,0.05,0.07,0.06,0.06,0.05,0.06,0.07,0.06,0.05,24-12-2022,16:00:01
0.08,0.06,0.05,0.07,0.06,0.06,0.05,0.06,0.07,0.06,0.05,24-12-2022,16:30:02
0.07,0.06,0.05,0.07,0.06,0.06,0.05,0.06,0.07,0.06,0.05,24-12-2022,17:00:01
0.07,0.06,0.05,0.07,0.06,0.06,0.05,0.06,0.07,0.06,0.05,24-12-2022,17:30:01
0.06,0.06,0.05,0.07,0.06,0.06,0.05,0.06,0.07,0.06,0.05,24-12-2022,18:00:01
0.07,0.06,0.05,0.07,0.06,0.06,0.05,0.06,0.07,0.06,0.05,24-12-2022,18:30:01
0.07,0.06,0.05,0.07,0.06,0.06,0.05,0.06,0.07,0.06,0.05,24-12-2022,19:00:01
0.07,0.06,0.05,0.07,0.06,0.06,0.05,0.06,0.07,0.06,0.05,24-12-2022,19:30:01
0.08,0.06,0.05,0.07,0.06,0.06,0.05,0.06,0.07,0.06,0.05,24-12-2022,20:00:01
0.07,0.06,0.05,0.07,0.06,0.06,0.05,0.06,0.07,0.06,0.05,24-12-2022,20:30:01
0.07,0.06,0.05,0.07,0.06,0.06,0.05,0.06,0.07,0.06,0.05,24-12-2022,21:00:01
0.06,0.06,0.05,0.07,0.06,0.06,0.05,0.06,0.07,0.06,0.05,24-12-2022,21:30:01
0.07,0.06,0.05,0.07,0.06,0.06,0.05,0.06,0.07,0.06,0.05,24-12-2022,22:00:02
0.07,0.06,0.05,0.07,0.06,0.06,0.05,0.06,0.07,0.06,0.05,24-12-2022,22:30:01
0.07,0.06,0.05,0.07,0.06,0.06,0.05,0.06,0.07,0.06,0.05,24-12-2022,23:00:01
0.06,0.06,0.05,0.07,0.06,0.06,0.05,0.06,0.07,0.06,0.05,24-12-2022,23:30:01
0.07,0.06,0.05,0.07,0.06,0.06,0.05,0.06,0.07,0.06,0.05,25-12-2022,00:00:01
0.06,0.06,0.05,0.07,0.06,0.06,0.05,0.06,0.07,0.06,0.05,25-12-2022,00:30:01
0.07,0.06,0.05,0.07,0.06,0.06,0.05,0.06,0.07,0.06,0.05,25-12-2022,01:00:01
0.07,0.06,0.05,0.07,0.06,0.06,0.05,0.06,0.07,0.06,0.05,25-12-2022,01:30:01
0.07,0.06,0.05,0.07,0.06,0.06,0.05,0.06,0.07,0.06,0.05,25-12-2022,02:00:01
0.07,0.06,0.05,0.07,0.06,0.06,0.05,0.06,0.07,0.06,0.05,25-12-2022,02:30:01
0.06,0.06,0.05,0.07,0.06,0.06,0.05,0.06,0.07,0.06,0.05,25-12-2022,04:30:01
0.06,0.06,0.05,0.07,0.06,0.06,0.05,0.06,0.07,0.06,0.05,25-12-2022,04:30:01
0.07,0.06,0.05,0.07,0.06,0.06,0.05,0.06,0.07,0.06,0.05,25-12-2022,05:30:02
0.07,0.06,0.05,0.07,0.06,0.06,0.05,0.06,0.07,0.06,0.05,25-12-2022,05:30:02
0.07,0.06,0.05,0.07,0.06,0.06,0.05,0.06,0.07,0.06,0.05,25-12-2022,06:00:02
0.07,0.06,0.05,0.07,0.06,0.06,0.05,0.06,0.07,0.06,0.05,25-12-2022,06:30:01
0.06,0.06,0.05,0.07,0.06,0.06,0.05,0.06,0.07,0.06,0.05,25-12-2022,07:00:02
0.06,0.06,0.05,0.07,0.06,0.06,0.05,0.06,0.07,0.06,0.05,25-12-2022,07:30:02
0.07,0.06,0.05,0.07,0.06,0.06,0.05,0.06,0.07,0.06,0.05,25-12-2022,08:00:01
0.07,0.06,0.05,0.07,0.06,0.06,0.05,0.06,0.07,0.06,0.05,25-12-2022,08:30:01
0.07,0.06,0.05,0.07,0.06,0.06,0.05,0.06,0.07,0.06,0.05,25-12-2022,09:00:01
0.07,0.06,0.05,0.07,0.06,0.06,0.05,0.06,0.07,0.06,0.05,25-12-2022,09:30:01
0.07,0.06,0.05,0.07,0.06,0.06,0.05,0.06,0.07,0.06,0.05,25-12-2022,10:00:02
0.06,0.06,0.05,0.07,0.06,0.06,0.05,0.06,0.07,0.06,0.05,25-12-2022,10:30:02
0.07,0.06,0.05,0.07,0.06,0.06,0.05,0.06,0.07,0.06,0.05,25-12-2022,11:00:01
0.07,0.06,0.05,0.07,0.06,0.06,0.05,0.06,0.07,0.06,0.05,25-12-2022,11:30:02
0.07,0.06,0.05,0.07,0.06,0.06,0.05,0.06,0.07,0.06,0.05,25-12-2022,12:00:01
0.07,0.06,0.05,0.07,0.06,0.06,0.05,0.06,0.07,0.06,0.05,25-12-2022,12:30:01
0.07,0.06,0.05,0.07,0.06,0.06,0.05,0.06,0.07,0.06,0.05,25-12-2022,13:00:01
0.07,0.06,0.05,0.07,0.06,0.06,0.05,0.06,0.07,0.06,0.05,25-12-2022,13:30:01
0.06,0.06,0.05,0.07,0.06,0.06,0.05,0.06,0.07,0.06,0.05,25-12-2022,14:00:02
0.06,0.06,0.05,0.07,0.06,0.06,0.05,0.06,0.07,0.06,0.05,25-12-2022,14:30:01
0.08,0.06,0.05,0.07,0.06,0.06,0.05,0.06,0.07,0.06,0.05,25-12-2022,15:30:02
0.08,0.06,0.05,0.07,0.06,0.06,0.05,0.06,0.07,0.06,0.05,25-12-2022,15:30:02
0.07,0.06,0.05,0.07,0.06,0.06,0.05,0.06,0.07,0.06,0.05,25-12-2022,16:00:01
0.07,0.06,0.05,0.07,0.06,0.06,0.05,0.06,0.07,0.06,0.05,25-12-2022,16:30:01
0.07,0.06,0.05,0.07,0.06,0.06,0.05,0.06,0.07,0.06,0.05,25-12-2022,17:00:02
0.09,0.06,0.05,0.07,0.06,0.06,0.05,0.06,0.07,0.06,0.05,25-12-2022,17:30:02
0.06,0.06,0.05,0.07,0.06,0.06,0.05,0.06,0.07,0.06,0.05,25-12-2022,18:00:02
0.06,0.06,0.05,0.07,0.06,0.06,0.05,0.06,0.07,0.06,0.05,25-12-2022,18:30:01
0.08,0.06,0.05,0.07,0.06,0.06,0.05,0.06,0.07,0.06,0.05,25-12-2022,19:00:01
0.08,0.06,0.05,0.07,0.06,0.06,0.05,0.06,0.07,0.06,0.05,25-12-2022,19:30:02
0.09,0.06,0.05,0.07,0.06,0.06,0.05,0.06,0.07,0.06,0.05,25-12-2022,20:00:01
0.07,0.06,0.05,0.07,0.06,0.06,0.05,0.06,0.07,0.06,0.05,25-12-2022,20:30:01
0.07,0.06,0.05,0.07,0.06,0.06,0.05,0.06,0.07,0.06,0.05,25-12-2022,21:00:01
0.06,0.06,0.05,0.07,0.06,0.06,0.05,0.06,0.07,0.06,0.05,25-12-2022,21:30:02
0.07,0.06,0.05,0.07,0.06,0.06,0.05,0.06,0.07,0.06,0.05,25-12-2022,22:00:01
0.07,0.06,0.05,0.07,0.06,0.06,0.05,0.06,0.07,0.06,0.05,25-12-2022,22:30:01
0.08,0.06,0.05,0.07,0.06,0.06,0.05,0.06,0.07,0.06,0.05,25-12-2022,23:00:01
0.08,0.06,0.05,0.07,0.06,0.06,0.05,0.06,0.07,0.06,0.05,25-12-2022,23:30:01
0.07,0.06,0.05,0.07,0.06,0.06,0.05,0.06,0.07,0.06,0.05,26-12-2022,00:00:02
0.07,0.06,0.05,0.07,0.06,0.06,0.05,0.06,0.07,0.06,0.05,26-12-2022,00:30:01
0.07,0.06,0.05,0.07,0.06,0.06,0.05,0.06,0.07,0.06,0.05,26-12-2022,01:00:01
0.06,0.06,0.05,0.07,0.06,0.06,0.05,0.06,0.07,0.06,0.05,26-12-2022,01:30:01
0.06,0.06,0.05,0.07,0.06,0.06,0.05,0.06,0.07,0.06,0.05,26-12-2022,02:00:01
0.06,0.06,0.05,0.07,0.06,0.06,0.05,0.06,0.07,0.06,0.05,26-12-2022,02:30:02
0.07,0.06,0.05,0.07,0.06,0.06,0.05,0.06,0.07,0.06,0.05,26-12-2022,04:30:02
0.07,0.06,0.05,0.07,0.06,0.06,0.05,0.06,0.07,0.06,0.05,26-12-2022,04:30:02
0.07,0.06,0.05,0.07,0.06,0.06,0.05,0.06,0.07,0.06,0.05,26-12-2022,05:30:02
0.07,0.06,0.05,0.07,0.06,0.06,0.05,0.06,0.07,0.06,0.05,26-12-2022,05:30:02
0.07,0.06,0.05,0.07,0.06,0.06,0.05,0.06,0.07,0.06,0.05,26-12-2022,06:00:01
0.07,0.06,0.05,0.07,0.06,0.06,0.05,0.06,0.07,0.0,0.05,26-12-2022,06:30:01
0.07,0.06,0.05,0.07,0.06,0.06,0.05,0.06,0.07,0.0,0.05,26-12-2022,07:00:02
0.06,0.06,0.05,0.07,0.06,0.06,0.05,0.06,0.07,0.06,0.05,26-12-2022,07:30:01
0.08,0.06,0.05,0.07,0.06,0.06,0.05,0.06,0.07,0.06,0.05,26-12-2022,08:00:01
0.07,0.06,0.05,0.07,0.06,0.06,0.05,0.06,0.07,0.06,0.05,26-12-2022,08:30:01
0.06,0.06,0.05,0.07,0.06,0.06,0.05,0.06,0.07,0.06,0.05,26-12-2022,09:00:01
0.06,0.06,0.05,0.07,0.06,0.06,0.05,0.06,0.07,0.06,0.05,26-12-2022,09:30:01
0.07,0.06,0.05,0.07,0.06,0.06,0.05,0.06,0.07,0.06,0.05,26-12-2022,10:00:01
0.06,0.06,0.05,0.07,0.06,0.06,0.05,0.06,0.07,0.06,0.05,26-12-2022,10:30:01
0.07,0.06,0.05,0.07,0.06,0.06,0.05,0.06,0.07,0.06,0.05,26-12-2022,11:00:02
0.07,0.06,0.05,0.07,0.06,0.06,0.05,0.06,0.07,0.06,0.05,26-12-2022,11:30:01
0.08,0.06,0.05,0.07,0.06,0.06,0.05,0.06,0.07,0.06,0.05,26-12-2022,12:00:02
0.07,0.06,0.05,0.07,0.06,0.06,0.05,0.06,0.07,0.06,0.05,26-12-2022,12:30:01
0.07,0.06,0.05,0.07,0.06,0.06,0.05,0.06,0.07,0.06,0.05,26-12-2022,13:00:01
0.07,0.06,0.05,0.07,0.06,0.06,0.05,0.06,0.07,0.06,0.05,26-12-2022,13:30:01
0.07,0.06,0.05,0.07,0.06,0.06,0.05,0.06,0.07,0.06,0.05,26-12-2022,14:00:01
0.07,0.06,0.05,0.07,0.06,0.06,0.05,0.06,0.07,0.06,0.05,26-12-2022,14:30:02
0.06,0.06,0.05,0.07,0.06,0.06,0.05,0.06,0.07,0.06,0.05,26-12-2022,15:30:01
0.06,0.06,0.05,0.07,0.06,0.06,0.05,0.06,0.07,0.06,0.05,26-12-2022,15:30:01
0.07,0.06,0.05,0.07,0.06,0.06,0.05,0.06,0.07,0.06,0.05,26-12-2022,16:00:01
0.06,0.06,0.05,0.07,0.06,0.06,0.05,0.06,0.07,0.06,0.05,26-12-2022,16:30:02
0.06,0.06,0.05,0.07,0.06,0.06,0.05,0.06,0.07,0.06,0.05,26-12-2022,17:00:02
0.07,0.06,0.05,0.07,0.06,0.06,0.05,0.06,0.07,0.06,0.05,26-12-2022,17:30:02
0.06,0.06,0.05,0.07,0.06,0.06,0.05,0.06,0.07,0.06,0.05,26-12-2022,18:00:01
0.07,0.06,0.05,0.07,0.06,0.06,0.05,0.06,0.07,0.06,0.05,26-12-2022,18:30:01
0.06,0.06,0.05,0.07,0.06,0.06,0.05,0.06,0.07,0.06,0.06,26-12-2022,19:00:01
0.06,0.06,0.05,0.07,0.06,0.06,0.06,0.06,0.07,0.06,0.06,26-12-2022,19:30:01
0.07,0.06,0.06,0.07,0.06,0.06,0.06,0.06,0.08,0.06,0.06,26-12-2022,20:00:02
0.07,0.06,0.06,0.07,0.06,0.06,0.06,0.07,0.07,0.06,0.06,26-12-2022,20:30:01
0.06,0.06,0.06,0.07,0.06,0.06,0.06,0.07,0.07,0.06,0.06,26-12-2022,21:00:02
0.07,0.06,0.06,0.07,0.06,0.06,0.06,0.07,0.07,0.06,0.06,26-12-2022,21:30:02
0.07,0.06,0.06,0.07,0.06,0.06,0.06,0.07,0.07,0.06,0.06,26-12-2022,22:00:02
0.07,0.06,0.06,0.07,0.06,0.06,0.06,0.07,0.07,0.06,0.06,26-12-2022,22:30:01
0.07,0.06,0.06,0.07,0.06,0.07,0.06,0.07,0.07,0.06,0.06,26-12-2022,23:00:01
0.07,0.06,0.06,0.07,0.06,0.07,0.06,0.07,0.07,0.06,0.06,26-12-2022,23:30:01
0.08,0.06,0.06,0.07,0.06,0.07,0.06,0.07,0.07,0.06,0.06,27-12-2022,00:00:01
0.08,0.06,0.06,0.07,0.06,0.07,0.06,0.06,0.06,0.06,0.06,27-12-2022,00:30:01
0.06,0.06,0.06,0.07,0.06,0.07,0.06,0.06,0.06,0.06,0.06,27-12-2022,01:00:01
0.07,0.06,0.06,0.07,0.06,0.07,0.06,0.06,0.06,0.06,0.06,27-12-2022,01:30:01
0.07,0.06,0.06,0.07,0.06,0.06,0.06,0.05,0.06,0.06,0.06,27-12-2022,02:00:02
0.07,0.06,0.06,0.07,0.06,0.06,0.06,0.05,0.06,0.06,0.06,27-12-2022,02:30:01
0.08,0.06,0.05,0.07,0.06,0.06,0.06,0.05,0.06,0.06,0.06,27-12-2022,04:30:01
0.08,0.06,0.05,0.07,0.06,0.06,0.06,0.05,0.06,0.06,0.06,27-12-2022,04:30:01
0.07,0.06,0.05,0.07,0.06,0.06,0.06,0.05,0.06,0.06,0.06,27-12-2022,05:30:01
0.07,0.06,0.05,0.07,0.06,0.06,0.06,0.05,0.06,0.06,0.06,27-12-2022,05:30:01
0.08,0.06,0.05,0.07,0.06,0.06,0.06,0.05,0.06,0.06,0.06,27-12-2022,06:00:02
0.07,0.06,0.05,0.07,0.06,0.06,0.06,0.05,0.06,0.06,0.06,27-12-2022,06:30:01
0.07,0.06,0.05,0.07,0.06,0.06,0.06,0.05,0.06,0.06,0.06,27-12-2022,07:00:02
0.07,0.06,0.05,0.07,0.06,0.06,0.06,0.05,0.06,0.06,0.06,27-12-2022,07:30:01
0.06,0.06,0.05,0.07,0.06,0.06,0.06,0.05,0.06,0.06,0.06,27-12-2022,08:00:01
0.08,0.06,0.05,0.07,0.06,0.06,0.06,0.05,0.06,0.06,0.06,27-12-2022,08:30:02
0.08,0.06,0.05,0.07,0.06,0.06,0.06,0.05,0.06,0.06,0.06,27-12-2022,09:00:02
0.07,0.06,0.05,0.07,0.06,0.06,0.06,0.05,0.06,0.06,0.06,27-12-2022,09:30:01
0.06,0.06,0.05,0.07,0.06,0.06,0.06,0.05,0.06,0.06,0.06,27-12-2022,10:00:01
0.06,0.06,0.05,0.07,0.06,0.06,0.06,0.05,0.06,0.06,0.06,27-12-2022,10:30:01
0.07,0.06,0.05,0.07,0.06,0.06,0.05,0.05,0.06,0.06,0.05,27-12-2022,11:00:01
0.06,0.06,0.05,0.07,0.06,0.06,0.05,0.05,0.06,0.06,0.05,27-12-2022,11:30:01
0.07,0.06,0.05,0.07,0.06,0.06,0.05,0.05,0.06,0.06,0.05,27-12-2022,12:00:01
0.06,0.06,0.05,0.07,0.06,0.06,0.05,0.05,0.06,0.06,0.05,27-12-2022,12:30:01
0.06,0.06,0.05,0.07,0.06,0.06,0.05,0.05,0.06,0.06,0.05,27-12-2022,13:00:01
0.07,0.06,0.05,0.07,0.06,0.06,0.05,0.05,0.06,0.06,0.05,27-12-2022,13:30:01
0.06,0.06,0.05,0.07,0.06,0.06,0.05,0.05,0.06,0.06,0.05,27-12-2022,14:00:01
0.07,0.06,0.05,0.07,0.06,0.06,0.05,0.05,0.06,0.06,0.05,27-12-2022,14:30:01
0.06,0.06,0.05,0.07,0.06,0.06,0.05,0.05,0.06,0.06,0.05,27-12-2022,15:30:02
0.06,0.06,0.05,0.07,0.06,0.06,0.05,0.05,0.06,0.06,0.05,27-12-2022,15:30:02
0.07,0.06,0.05,0.07,0.06,0.06,0.05,0.05,0.06,0.06,0.05,27-12-2022,16:00:01
0.06,0.06,0.05,0.07,0.06,0.06,0.05,0.05,0.06,0.06,0.05,27-12-2022,16:30:01
0.06,0.06,0.05,0.07,0.06,0.06,0.05,0.05,0.06,0.06,0.05,27-12-2022,17:00:01
0.07,0.06,0.05,0.07,0.06,0.06,0.05,0.05,0.06,0.06,0.05,27-12-2022,17:30:01
0.06,0.06,0.05,0.07,0.06,0.06,0.05,0.05,0.06,0.06,0.05,27-12-2022,18:00:01
0.07,0.06,0.05,0.07,0.06,0.06,0.05,0.05,0.06,0.06,0.05,27-12-2022,18:30:02
0.07,0.06,0.05,0.07,0.06,0.06,0.05,0.05,0.06,0.06,0.05,27-12-2022,19:00:01
0.06,0.06,0.05,0.07,0.06,0.06,0.05,0.05,0.06,0.06,0.05,27-12-2022,19:30:02
0.07,0.06,0.05,0.07,0.06,0.06,0.05,0.05,0.06,0.06,0.05,27-12-2022,20:00:02
0.07,0.06,0.05,0.07,0.06,0.06,0.05,0.05,0.06,0.06,0.05,27-12-2022,20:30:02
0.07,0.06,0.05,0.07,0.06,0.06,0.05,0.05,0.06,0.06,0.05,27-12-2022,21:00:02
0.07,0.06,0.05,0.07,0.06,0.06,0.05,0.05,0.06,0.06,0.05,27-12-2022,21:30:01
0.06,0.06,0.05,0.07,0.06,0.06,0.05,0.05,0.06,0.06,0.05,27-12-2022,22:00:02
0.07,0.06,0.05,0.07,0.06,0.06,0.05,0.05,0.06,0.06,0.05,27-12-2022,22:30:01
0.07,0.06,0.05,0.07,0.06,0.06,0.05,0.05,0.06,0.06,0.05,27-12-2022,23:00:01
0.07,0.06,0.05,0.07,0.06,0.06,0.05,0.05,0.06,0.06,0.05,27-12-2022,23:30:01
0.08,0.06,0.05,0.07,0.06,0.06,0.05,0.05,0.06,0.06,0.05,28-12-2022,00:00:01
0.07,0.06,0.05,0.07,0.06,0.06,0.05,0.05,0.06,0.06,0.05,28-12-2022,00:30:01
0.07,0.06,0.05,0.07,0.06,0.06,0.05,0.05,0.06,0.06,0.05,28-12-2022,01:00:01
0.07,0.06,0.05,0.07,0.06,0.06,0.05,0.05,0.06,0.06,0.05,28-12-2022,01:30:01
0.07,0.06,0.05,0.07,0.06,0.06,0.05,0.05,0.06,0.06,0.05,28-12-2022,02:00:01
0.07,0.06,0.05,0.07,0.06,0.06,0.05,0.05,0.06,0.06,0.05,28-12-2022,02:30:01
0.07,0.06,0.05,0.07,0.06,0.06,0.05,0.05,0.06,0.06,0.05,28-12-2022,04:30:01
0.07,0.06,0.05,0.07,0.06,0.06,0.05,0.05,0.06,0.06,0.05,28-12-2022,04:30:01
0.09,0.06,0.05,0.07,0.06,0.06,0.05,0.05,0.06,0.06,0.05,28-12-2022,05:30:01
0.09,0.06,0.05,0.07,0.06,0.06,0.05,0.05,0.06,0.06,0.05,28-12-2022,05:30:01
0.07,0.06,0.05,0.07,0.06,0.06,0.05,0.05,0.06,0.06,0.05,28-12-2022,06:00:01
0.07,0.06,0.05,0.07,0.06,0.06,0.05,0.05,0.06,0.06,0.05,28-12-2022,06:30:01
0.08,0.06,0.05,0.07,0.06,0.06,0.05,0.05,0.06,0.06,0.05,28-12-2022,07:00:01
0.07,0.06,0.05,0.07,0.06,0.06,0.05,0.05,0.06,0.06,0.05,28-12-2022,07:30:01
0.07,0.06,0.05,0.07,0.06,0.06,0.05,0.05,0.06,0.06,0.05,28-12-2022,08:00:01
0.06,0.06,0.05,0.07,0.06,0.06,0.05,0.05,0.06,0.06,0.05,28-12-2022,08:30:01
0.06,0.06,0.05,0.07,0.06,0.06,0.05,0.05,0.06,0.06,0.05,28-12-2022,09:00:01
0.07,0.06,0.05,0.07,0.06,0.06,0.05,0.05,0.06,0.06,0.05,28-12-2022,09:30:01
0.07,0.06,0.05,0.07,0.06,0.06,0.05,0.05,0.06,0.06,0.05,28-12-2022,10:00:01
0.06,0.06,0.05,0.07,0.06,0.06,0.05,0.05,0.06,0.06,0.05,28-12-2022,10:30:01
0.06,0.06,0.05,0.07,0.06,0.06,0.05,0.05,0.06,0.06,0.05,28-12-2022,11:00:02
0.06,0.06,0.05,0.07,0.06,0.06,0.05,0.05,0.06,0.06,0.05,28-12-2022,11:30:02
0.07,0.06,0.05,0.07,0.06,0.06,0.05,0.05,0.06,0.06,0.05,28-12-2022,12:00:01
0.07,0.06,0.05,0.07,0.06,0.06,0.05,0.05,0.06,0.06,0.05,28-12-2022,12:30:02
0.07,0.06,0.05,0.07,0.06,0.06,0.05,0.05,0.06,0.06,0.05,28-12-2022,13:00:02
0.07,0.06,0.05,0.07,0.06,0.06,0.05,0.05,0.06,0.06,0.05,28-12-2022,13:30:02
0.07,0.06,0.05,0.07,0.06,0.06,0.05,0.05,0.06,0.06,0.05,28-12-2022,14:00:02
0.07,0.06,0.05,0.07,0.06,0.06,0.05,0.05,0.06,0.06,0.05,28-12-2022,14:30:02
0.06,0.06,0.05,0.07,0.06,0.06,0.05,0.05,0.06,0.06,0.05,28-12-2022,15:30:01
0.06,0.06,0.05,0.07,0.06,0.06,0.05,0.05,0.06,0.06,0.05,28-12-2022,15:30:01
0.07,0.06,0.05,0.07,0.06,0.06,0.05,0.05,0.06,0.06,0.05,28-12-2022,16:00:02
0.07,0.06,0.05,0.07,0.06,0.06,0.05,0.05,0.06,0.06,0.05,28-12-2022,16:30:01
0.06,0.06,0.05,0.07,0.06,0.06,0.05,0.05,0.06,0.06,0.05,28-12-2022,17:00:02
0.06,0.06,0.05,0.07,0.06,0.06,0.05,0.05,0.06,0.06,0.05,28-12-2022,17:30:01
0.06,0.06,0.05,0.07,0.06,0.06,0.05,0.05,0.06,0.06,0.05,28-12-2022,18:00:02
0.06,0.06,0.05,0.07,0.06,0.06,0.05,0.05,0.06,0.06,0.05,28-12-2022,18:30:01
0.07,0.06,0.05,0.07,0.06,0.06,0.05,0.05,0.06,0.06,0.05,28-12-2022,19:00:02
0.07,0.06,0.05,0.07,0.06,0.06,0.05,0.05,0.06,0.06,0.05,28-12-2022,19:30:01
0.06,0.06,0.05,0.07,0.06,0.06,0.05,0.05,0.06,0.06,0.05,28-12-2022,20:00:02
0.06,0.06,0.05,0.07,0.06,0.06,0.05,0.05,0.06,0.06,0.05,28-12-2022,20:30:01
0.07,0.06,0.05,0.07,0.06,0.06,0.05,0.05,0.06,0.06,0.05,28-12-2022,21:00:02
0.07,0.06,0.05,0.07,0.06,0.06,0.05,0.05,0.06,0.06,0.05,28-12-2022,21:30:01
0.06,0.06,0.05,0.07,0.06,0.06,0.05,0.05,0.06,0.06,0.05,28-12-2022,22:00:01
0.06,0.06,0.05,0.07,0.06,0.06,0.05,0.05,0.06,0.06,0.05,28-12-2022,22:30:01
0.06,0.06,0.05,0.07,0.06,0.06,0.05,0.05,0.06,0.06,0.05,28-12-2022,23:00:01
0.06,0.06,0.05,0.07,0.06,0.06,0.05,0.05,0.06,0.06,0.05,28-12-2022,23:30:02
0.07,0.06,0.05,0.07,0.06,0.06,0.05,0.05,0.06,0.06,0.05,29-12-2022,00:00:01
0.06,0.06,0.05,0.07,0.06,0.06,0.05,0.05,0.06,0.06,0.05,29-12-2022,00:30:02
0.08,0.06,0.05,0.07,0.06,0.06,0.05,0.05,0.06,0.06,0.05,29-12-2022,01:00:01
0.07,0.06,0.05,0.07,0.06,0.06,0.05,0.05,0.06,0.06,0.05,29-12-2022,01:30:01
0.06,0.06,0.05,0.07,0.06,0.06,0.05,0.05,0.06,0.06,0.05,29-12-2022,02:00:01
0.06,0.06,0.05,0.07,0.06,0.06,0.05,0.05,0.06,0.06,0.06,29-12-2022,02:30:01
0.08,0.06,0.05,0.07,0.06,0.06,0.05,0.05,0.06,0.06,0.06,29-12-2022,04:30:02
0.08,0.06,0.05,0.07,0.06,0.06,0.05,0.05,0.06,0.06,0.06,29-12-2022,04:30:02
0.07,0.06,0.05,0.07,0.06,0.06,0.05,0.05,0.06,0.06,0.06,29-12-2022,05:30:01
0.07,0.06,0.05,0.07,0.06,0.06,0.05,0.05,0.06,0.06,0.06,29-12-2022,05:30:01
0.06,0.06,0.05,0.07,0.06,0.06,0.05,0.05,0.06,0.06,0.06,29-12-2022,06:00:01
0.09,0.06,0.05,0.07,0.06,0.06,0.05,0.05,0.06,0.06,0.06,29-12-2022,06:30:01
0.08,0.06,0.05,0.07,0.06,0.06,0.05,0.05,0.06,0.06,0.06,29-12-2022,07:00:02
0.08,0.06,0.05,0.07,0.06,0.06,0.05,0.05,0.06,0.06,0.06,29-12-2022,07:30:02
0.06,0.06,0.05,0.07,0.06,0.06,0.05,0.05,0.06,0.06,0.05,29-12-2022,08:00:02
0.07,0.06,0.05,0.07,0.06,0.06,0.05,0.05,0.06,0.06,0.05,29-12-2022,08:30:01
0.06,0.06,0.05,0.07,0.06,0.06,0.05,0.05,0.06,0.06,0.05,29-12-2022,09:00:01
0.08,0.06,0.05,0.07,0.06,0.06,0.05,0.05,0.06,0.06,0.05,29-12-2022,09:30:01
0.07,0.06,0.05,0.07,0.06,0.06,0.05,0.05,0.06,0.06,0.05,29-12-2022,10:00:02
0.07,0.06,0.05,0.07,0.06,0.06,0.05,0.05,0.06,0.06,0.05,29-12-2022,10:30:01
0.07,0.06,0.05,0.07,0.06,0.06,0.05,0.05,0.06,0.06,0.05,29-12-2022,11:00:01
0.07,0.06,0.05,0.07,0.06,0.06,0.05,0.05,0.06,0.06,0.05,29-12-2022,11:30:02
0.06,0.06,0.05,0.07,0.06,0.06,0.05,0.05,0.06,0.06,0.05,29-12-2022,12:00:01
0.06,0.06,0.05,0.07,0.06,0.06,0.05,0.05,0.06,0.06,0.05,29-12-2022,12:30:01
0.08,0.06,0.05,0.08,0.06,0.06,0.05,0.05,0.06,0.06,0.06,29-12-2022,13:00:01
0.07,0.06,0.05,0.08,0.06,0.06,0.05,0.05,0.06,0.06,0.06,29-12-2022,13:30:01
0.08,0.06,0.05,0.08,0.06,0.06,0.05,0.05,0.06,0.06,0.06,29-12-2022,14:00:01
0.07,0.06,0.05,0.08,0.06,0.06,0.05,0.05,0.06,0.06,0.06,29-12-2022,14:30:01
0.07,0.06,0.05,0.08,0.06,0.06,0.05,0.05,0.06,0.05,0.06,29-12-2022,15:30:01
0.07,0.06,0.05,0.08,0.06,0.06,0.05,0.05,0.06,0.05,0.06,29-12-2022,15:30:01
0.06,0.06,0.05,0.08,0.06,0.06,0.05,0.05,0.06,0.05,0.05,29-12-2022,16:00:02
0.07,0.06,0.05,0.08,0.06,0.06,0.05,0.05,0.06,0.05,0.05,29-12-2022,16:30:02
0.06,0.06,0.05,0.08,0.06,0.06,0.05,0.05,0.06,0.05,0.05,29-12-2022,17:00:01
0.06,0.06,0.05,0.07,0.06,0.06,0.05,0.05,0.06,0.05,0.05,29-12-2022,17:30:01
0.08,0.06,0.05,0.07,0.06,0.06,0.05,0.05,0.06,0.05,0.05,29-12-2022,18:00:02
0.07,0.06,0.05,0.07,0.06,0.06,0.05,0.05,0.06,0.05,0.05,29-12-2022,18:30:01
0.06,0.06,0.05,0.07,0.06,0.06,0.05,0.05,0.06,0.06,0.05,29-12-2022,19:00:01
0.08,0.06,0.05,0.07,0.06,0.06,0.05,0.05,0.06,0.06,0.05,29-12-2022,19:30:01
0.07,0.06,0.05,0.07,0.06,0.05,0.05,0.05,0.06,0.06,0.05,29-12-2022,20:00:01
0.07,0.06,0.05,0.07,0.06,0.05,0.05,0.05,0.06,0.06,0.05,29-12-2022,20:30:02
0.07,0.06,0.05,0.07,0.06,0.05,0.05,0.05,0.07,0.06,0.05,29-12-2022,21:00:02
0.09,0.06,0.05,0.07,0.06,0.05,0.05,0.05,0.07,0.06,0.05,29-12-2022,21:30:01
0.07,0.06,0.05,0.07,0.06,0.05,0.05,0.05,0.07,0.06,0.05,29-12-2022,22:00:01
0.07,0.06,0.05,0.07,0.06,0.06,0.05,0.05,0.07,0.06,0.06,29-12-2022,22:30:01
0.07,0.06,0.05,0.07,0.06,0.06,0.05,0.05,0.07,0.06,0.06,29-12-2022,23:00:01
0.08,0.06,0.05,0.07,0.06,0.06,0.05,0.05,0.07,0.06,0.06,29-12-2022,23:30:02
0.07,0.06,0.05,0.07,0.07,0.06,0.05,0.05,0.07,0.06,0.06,30-12-2022,00:00:01
0.07,0.06,0.05,0.07,0.06,0.06,0.05,0.05,0.07,0.06,0.06,30-12-2022,00:30:01
0.07,0.06,0.05,0.07,0.06,0.06,0.05,0.05,0.07,0.06,0.06,30-12-2022,01:00:01
0.08,0.06,0.05,0.07,0.06,0.06,0.05,0.05,0.07,0.06,0.05,30-12-2022,01:30:01
0.07,0.06,0.05,0.07,0.06,0.06,0.05,0.05,0.07,0.05,0.05,30-12-2022,02:00:01
0.07,0.06,0.05,0.07,0.06,0.06,0.05,0.05,0.07,0.05,0.05,30-12-2022,02:30:01
0.08,0.06,0.05,0.07,0.06,0.06,0.05,0.05,0.07,0.05,0.05,30-12-2022,04:30:01
0.08,0.06,0.05,0.07,0.06,0.06,0.05,0.05,0.07,0.05,0.05,30-12-2022,04:30:01
0.07,0.06,0.05,0.07,0.06,0.06,0.05,0.05,0.07,0.05,0.05,30-12-2022,05:30:01
0.07,0.06,0.05,0.07,0.06,0.06,0.05,0.05,0.07,0.05,0.05,30-12-2022,05:30:01
0.07,0.06,0.05,0.07,0.06,0.06,0.05,0.05,0.07,0.05,0.05,30-12-2022,06:00:01
0.07,0.06,0.05,0.07,0.06,0.06,0.05,0.05,0.07,0.05,0.05,30-12-2022,06:30:01
0.07,0.06,0.05,0.07,0.06,0.06,0.05,0.05,0.07,0.05,0.05,30-12-2022,07:00:02
0.07,0.06,0.05,0.07,0.06,0.06,0.05,0.05,0.07,0.05,0.05,30-12-2022,07:30:01
0.07,0.06,0.05,0.07,0.06,0.06,0.05,0.05,0.07,0.05,0.05,30-12-2022,08:00:02
0.07,0.06,0.05,0.07,0.06,0.06,0.05,0.05,0.07,0.05,0.05,30-12-2022,08:30:01
0.07,0.06,0.05,0.07,0.06,0.06,0.05,0.05,0.07,0.05,0.05,30-12-2022,09:00:01
0.07,0.06,0.05,0.07,0.06,0.06,0.05,0.05,0.07,0.05,0.05,30-12-2022,09:30:01
0.06,0.06,0.05,0.07,0.06,0.06,0.05,0.05,0.07,0.05,0.05,30-12-2022,10:00:01
0.07,0.06,0.05,0.07,0.06,0.06,0.05,0.05,0.07,0.05,0.05,30-12-2022,10:30:02
0.08,0.06,0.05,0.07,0.06,0.06,0.05,0.05,0.07,0.05,0.05,30-12-2022,11:00:02
0.08,0.06,0.05,0.07,0.06,0.06,0.05,0.05,0.07,0.05,0.05,30-12-2022,11:30:01
0.07,0.06,0.05,0.07,0.06,0.06,0.05,0.05,0.07,0.05,0.05,30-12-2022,12:00:01
0.08,0.06,0.05,0.07,0.06,0.06,0.05,0.05,0.07,0.05,0.05,30-12-2022,12:30:02
0.08,0.06,0.05,0.07,0.06,0.06,0.05,0.05,0.07,0.05,0.05,30-12-2022,13:00:01
0.08,0.06,0.05,0.07,0.06,0.06,0.05,0.05,0.07,0.05,0.05,30-12-2022,13:30:01
0.09,0.06,0.05,0.07,0.06,0.06,0.05,0.05,0.07,0.06,0.05,30-12-2022,14:00:02
0.08,0.06,0.05,0.07,0.06,0.06,0.05,0.05,0.07,0.06,0.05,30-12-2022,14:30:01
0.07,0.06,0.05,0.07,0.07,0.07,0.06,0.06,0.07,0.07,0.06,30-12-2022,15:30:01
0.07,0.06,0.05,0.07,0.07,0.07,0.06,0.06,0.07,0.07,0.06,30-12-2022,15:30:01
0.08,0.06,0.05,0.07,0.07,0.07,0.06,0.06,0.07,0.07,0.06,30-12-2022,16:00:01
0.08,0.06,0.05,0.07,0.07,0.07,0.06,0.06,0.07,0.07,0.06,30-12-2022,16:30:01
0.07,0.06,0.05,0.07,0.06,0.07,0.06,0.06,0.07,0.07,0.06,30-12-2022,17:00:01
0.08,0.06,0.05,0.07,0.06,0.07,0.06,0.06,0.07,0.07,0.06,30-12-2022,17:30:01
0.07,0.06,0.05,0.07,0.06,0.07,0.06,0.06,0.07,0.06,0.06,30-12-2022,18:00:01
0.07,0.06,0.05,0.07,0.06,0.07,0.06,0.06,0.07,0.06,0.05,30-12-2022,18:30:02
0.07,0.06,0.05,0.07,0.06,0.06,0.05,0.06,0.07,0.06,0.05,30-12-2022,19:00:01
0.07,0.06,0.05,0.07,0.06,0.06,0.05,0.06,0.07,0.06,0.05,30-12-2022,19:30:01
0.07,0.06,0.05,0.07,0.06,0.06,0.05,0.05,0.07,0.06,0.05,30-12-2022,20:00:01
0.07,0.06,0.05,0.07,0.06,0.06,0.05,0.05,0.07,0.06,0.05,30-12-2022,20:30:01
0.07,0.06,0.05,0.07,0.06,0.06,0.05,0.05,0.07,0.06,0.05,30-12-2022,21:00:02
0.07,0.06,0.05,0.07,0.06,0.06,0.05,0.05,0.07,0.06,0.05,30-12-2022,21:30:01
0.07,0.06,0.05,0.07,0.06,0.06,0.05,0.06,0.07,0.06,0.05,30-12-2022,22:00:02
0.06,0.06,0.05,0.07,0.06,0.06,0.05,0.06,0.07,0.06,0.05,30-12-2022,22:30:01
0.07,0.06,0.05,0.07,0.06,0.06,0.05,0.06,0.07,0.06,0.05,30-12-2022,23:00:01
0.07,0.06,0.05,0.07,0.06,0.06,0.05,0.06,0.07,0.06,0.05,30-12-2022,23:30:01
0.08,0.06,0.05,0.07,0.06,0.06,0.05,0.06,0.07,0.06,0.05,31-12-2022,00:00:01
0.07,0.06,0.05,0.07,0.06,0.06,0.05,0.06,0.07,0.06,0.05,31-12-2022,00:30:01
0.07,0.06,0.05,0.07,0.06,0.06,0.05,0.06,0.07,0.06,0.05,31-12-2022,01:00:01
0.06,0.06,0.05,0.07,0.06,0.06,0.05,0.06,0.07,0.06,0.05,31-12-2022,01:30:01
0.07,0.06,0.05,0.07,0.06,0.06,0.05,0.06,0.07,0.06,0.05,31-12-2022,02:00:01
0.06,0.06,0.05,0.07,0.06,0.06,0.05,0.06,0.07,0.06,0.05,31-12-2022,02:30:02
0.07,0.06,0.05,0.07,0.06,0.06,0.05,0.06,0.07,0.06,0.05,31-12-2022,04:30:01
0.07,0.06,0.05,0.07,0.06,0.06,0.05,0.06,0.07,0.06,0.05,31-12-2022,04:30:01
0.07,0.06,0.05,0.07,0.06,0.06,0.05,0.06,0.07,0.06,0.05,31-12-2022,05:30:01
0.07,0.06,0.05,0.07,0.06,0.06,0.05,0.06,0.07,0.06,0.05,31-12-2022,05:30:01
0.07,0.06,0.05,0.07,0.06,0.06,0.05,0.06,0.07,0.06,0.05,31-12-2022,06:00:01
0.07,0.06,0.05,0.07,0.06,0.06,0.05,0.06,0.07,0.06,0.05,31-12-2022,06:30:02
0.07,0.06,0.05,0.07,0.06,0.06,0.05,0.06,0.07,0.06,0.05,31-12-2022,07:00:01
0.06,0.06,0.05,0.07,0.06,0.06,0.05,0.06,0.07,0.06,0.05,31-12-2022,07:30:01
0.08,0.06,0.05,0.07,0.06,0.06,0.05,0.06,0.07,0.06,0.05,31-12-2022,08:00:01
0.06,0.06,0.05,0.07,0.06,0.06,0.05,0.06,0.07,0.06,0.05,31-12-2022,08:30:02
0.07,0.06,0.05,0.07,0.06,0.06,0.05,0.06,0.07,0.06,0.05,31-12-2022,09:00:01
0.07,0.06,0.05,0.07,0.06,0.06,0.05,0.06,0.07,0.06,0.05,31-12-2022,09:30:02
0.07,0.06,0.05,0.07,0.06,0.06,0.05,0.06,0.07,0.06,0.05,31-12-2022,10:00:01
0.07,0.06,0.05,0.07,0.06,0.06,0.05,0.06,0.07,0.06,0.05,31-12-2022,10:30:02
0.07,0.06,0.05,0.07,0.06,0.06,0.05,0.06,0.07,0.06,0.05,31-12-2022,11:00:01
0.05,0.06,0.05,0.07,0.06,0.06,0.05,0.06,0.07,0.06,0.05,31-12-2022,11:30:02
0.07,0.06,0.05,0.07,0.06,0.06,0.05,0.06,0.07,0.06,0.05,31-12-2022,12:00:02
0.07,0.06,0.05,0.07,0.06,0.06,0.05,0.06,0.07,0.06,0.05,31-12-2022,12:30:01
0.06,0.06,0.05,0.07,0.06,0.06,0.05,0.06,0.07,0.06,0.05,31-12-2022,13:00:01
0.07,0.06,0.05,0.07,0.06,0.06,0.05,0.06,0.07,0.06,0.05,31-12-2022,13:30:01
0.07,0.06,0.05,0.07,0.06,0.06,0.06,0.06,0.07,0.06,0.05,31-12-2022,14:00:01
0.07,0.06,0.05,0.07,0.06,0.06,0.06,0.06,0.07,0.06,0.05,31-12-2022,14:30:01
0.07,0.06,0.05,0.07,0.06,0.06,0.06,0.06,0.07,0.06,0.05,31-12-2022,15:30:01
0.07,0.06,0.05,0.07,0.06,0.06,0.06,0.06,0.07,0.06,0.05,31-12-2022,15:30:01
0.07,0.06,0.05,0.07,0.06,0.06,0.06,0.06,0.07,0.06,0.06,31-12-2022,16:00:02
0.07,0.06,0.05,0.07,0.06,0.06,0.06,0.06,0.07,0.06,0.06,31-12-2022,16:30:01
0.07,0.06,0.05,0.07,0.06,0.06,0.06,0.06,0.07,0.06,0.06,31-12-2022,17:00:01
0.07,0.06,0.05,0.07,0.06,0.06,0.06,0.06,0.07,0.06,0.06,31-12-2022,17:30:01
0.07,0.06,0.05,0.07,0.06,0.06,0.05,0.06,0.07,0.06,0.06,31-12-2022,18:00:01
0.07,0.06,0.05,0.07,0.06,0.06,0.05,0.06,0.07,0.06,0.06,31-12-2022,18:30:01
0.07,0.06,0.05,0.07,0.06,0.06,0.05,0.06,0.08,0.06,0.06,31-12-2022,19:00:01
0.07,0.06,0.05,0.07,0.06,0.06,0.06,0.06,0.08,0.06,0.06,31-12-2022,19:30:01
0.07,0.06,0.05,0.07,0.06,0.06,0.06,0.06,0.08,0.06,0.06,31-12-2022,20:00:01
0.07,0.06,0.05,0.08,0.06,0.07,0.06,0.06,0.08,0.06,0.06,31-12-2022,20:30:01
0.07,0.06,0.06,0.08,0.07,0.07,0.06,0.06,0.08,0.06,0.06,31-12-2022,21:00:01
0.07,0.06,0.06,0.08,0.07,0.07,0.06,0.06,0.08,0.06,0.06,31-12-2022,21:30:01
0.09,0.06,0.06,0.08,0.06,0.07,0.06,0.06,0.08,0.06,0.06,31-12-2022,22:00:02
0.07,0.06,0.06,0.08,0.06,0.07,0.06,0.06,0.08,0.06,0.06,31-12-2022,22:30:01
0.07,0.06,0.05,0.08,0.06,0.07,0.06,0.06,0.07,0.06,0.06,31-12-2022,23:00:01
0.08,0.06,0.05,0.08,0.06,0.07,0.06,0.06,0.07,0.06,0.06,31-12-2022,23:30:01
0.07,0.06,0.05,0.08,0.06,0.07,0.06,0.06,0.07,0.06,0.06,01-01-2023,00:00:02
0.07,0.06,0.05,0.08,0.06,0.07,0.06,0.06,0.07,0.06,0.06,01-01-2023,00:30:01
0.07,0.06,0.05,0.08,0.06,0.07,0.06,0.06,0.07,0.06,0.06,01-01-2023,01:00:01
0.08,0.06,0.05,0.08,0.06,0.07,0.06,0.06,0.07,0.06,0.06,01-01-2023,01:30:02
0.06,0.06,0.05,0.08,0.06,0.07,0.06,0.06,0.07,0.06,0.06,01-01-2023,02:00:01
0.06,0.06,0.05,0.07,0.06,0.07,0.06,0.06,0.07,0.06,0.06,01-01-2023,02:30:01
0.06,0.06,0.05,0.07,0.06,0.06,0.06,0.06,0.07,0.06,0.06,01-01-2023,04:30:01
0.08,0.06,0.05,0.07,0.06,0.06,0.06,0.06,0.07,0.06,0.06,01-01-2023,05:00:02
0.08,0.06,0.05,0.07,0.06,0.06,0.06,0.06,0.07,0.06,0.06,01-01-2023,05:30:01
0.06,0.06,0.05,0.07,0.06,0.06,0.06,0.06,0.07,0.06,0.06,01-01-2023,06:00:02
0.06,0.06,0.05,0.07,0.06,0.06,0.06,0.06,0.07,0.06,0.06,01-01-2023,06:00:02
0.07,0.06,0.05,0.07,0.06,0.06,0.06,0.06,0.07,0.06,0.06,01-01-2023,06:30:01
0.08,0.06,0.05,0.07,0.06,0.06,0.06,0.06,0.07,0.06,0.06,01-01-2023,07:00:01
0.07,0.06,0.05,0.07,0.06,0.06,0.06,0.06,0.07,0.07,0.06,01-01-2023,07:30:02
0.08,0.06,0.05,0.07,0.06,0.06,0.06,0.06,0.07,0.07,0.06,01-01-2023,08:00:02
0.09,0.06,0.05,0.07,0.06,0.06,0.06,0.06,0.07,0.07,0.06,01-01-2023,08:30:01
0.07,0.06,0.05,0.07,0.06,0.06,0.06,0.06,0.07,0.06,0.06,01-01-2023,09:00:01
0.06,0.06,0.05,0.07,0.06,0.06,0.06,0.06,0.07,0.06,0.06,01-01-2023,09:30:01
0.06,0.06,0.05,0.07,0.06,0.06,0.06,0.06,0.07,0.06,0.06,01-01-2023,10:00:01
0.06,0.06,0.05,0.07,0.06,0.06,0.06,0.06,0.07,0.06,0.06,01-01-2023,10:30:01
0.07,0.06,0.05,0.07,0.06,0.06,0.06,0.06,0.07,0.06,0.06,01-01-2023,11:00:01
0.07,0.06,0.05,0.07,0.06,0.06,0.06,0.06,0.07,0.06,0.06,01-01-2023,11:30:02
0.06,0.06,0.05,0.07,0.06,0.06,0.06,0.06,0.07,0.06,0.06,01-01-2023,12:00:01
0.07,0.06,0.05,0.07,0.06,0.06,0.06,0.06,0.07,0.06,0.06,01-01-2023,12:30:01
0.07,0.06,0.05,0.07,0.06,0.07,0.06,0.06,0.07,0.06,0.06,01-01-2023,13:00:01
0.07,0.06,0.05,0.07,0.06,0.07,0.06,0.06,0.07,0.06,0.06,01-01-2023,13:30:01
0.08,0.06,0.05,0.07,0.06,0.07,0.06,0.06,0.07,0.06,0.06,01-01-2023,14:00:01
0.08,0.06,0.05,0.07,0.06,0.07,0.06,0.06,0.07,0.06,0.06,01-01-2023,14:30:01
0.07,0.06,0.05,0.07,0.06,0.07,0.06,0.06,0.07,0.06,0.06,01-01-2023,15:30:01
0.07,0.06,0.05,0.07,0.06,0.07,0.06,0.06,0.07,0.06,0.06,01-01-2023,15:30:01
0.09,0.06,0.05,0.07,0.06,0.07,0.06,0.06,0.07,0.06,0.06,01-01-2023,16:00:01
0.07,0.06,0.05,0.07,0.06,0.07,0.06,0.06,0.07,0.06,0.06,01-01-2023,16:30:01
0.07,0.06,0.05,0.07,0.06,0.07,0.06,0.06,0.07,0.06,0.06,01-01-2023,17:00:01
0.07,0.06,0.05,0.07,0.06,0.07,0.06,0.06,0.07,0.06,0.06,01-01-2023,17:30:01
0.07,0.06,0.05,0.07,0.06,0.07,0.06,0.06,0.07,0.06,0.06,01-01-2023,18:00:01
0.07,0.06,0.05,0.07,0.06,0.07,0.06,0.06,0.07,0.06,0.06,01-01-2023,18:30:01
0.08,0.06,0.05,0.07,0.06,0.07,0.06,0.06,0.07,0.06,0.06,01-01-2023,19:00:01
0.06,0.06,0.05,0.07,0.06,0.07,0.06,0.06,0.07,0.06,0.06,01-01-2023,19:30:01
0.07,0.06,0.05,0.07,0.06,0.07,0.06,0.06,0.07,0.06,0.06,01-01-2023,20:00:01
0.07,0.06,0.05,0.07,0.06,0.07,0.06,0.06,0.07,0.06,0.06,01-01-2023,20:30:01
0.07,0.06,0.06,0.08,0.06,0.07,0.06,0.07,0.07,0.06,0.06,01-01-2023,21:00:01
0.08,0.06,0.06,0.08,0.07,0.07,0.06,0.07,0.08,0.07,0.06,01-01-2023,21:30:01
0.08,0.06,0.06,0.08,0.07,0.07,0.06,0.07,0.08,0.07,0.06,01-01-2023,22:00:01
0.07,0.06,0.06,0.08,0.06,0.07,0.06,0.07,0.08,0.07,0.06,01-01-2023,22:30:01
0.07,0.06,0.06,0.08,0.06,0.07,0.06,0.07,0.07,0.07,0.06,01-01-2023,23:00:01
0.07,0.06,0.06,0.08,0.06,0.06,0.06,0.07,0.07,0.07,0.06,01-01-2023,23:30:01
0.08,0.06,0.06,0.07,0.06,0.06,0.06,0.07,0.07,0.06,0.06,02-01-2023,00:00:02
0.07,0.06,0.06,0.07,0.06,0.06,0.06,0.07,0.07,0.06,0.06,02-01-2023,00:30:01
0.08,0.06,0.06,0.07,0.06,0.06,0.06,0.07,0.07,0.06,0.06,02-01-2023,01:00:01
